{"total_energy":23.51642928152085,"power_avg":0.41993623717001516,"duration":5.6}