{"total_energy":70.7113315167427,"power_avg":3.9284073064857057,"duration":18}