{"total_energy":70.76191967630386,"power_avg":3.931217759794659,"duration":18}