{"total_energy":66.25443843793869,"power_avg":3.8973199081140404,"duration":17}