{"total_energy":66.12768396568299,"power_avg":3.8898637626872348,"duration":17}