{"total_energy":65.98400778961182,"power_avg":3.8814122229183425,"duration":17}