{"total_energy":66.43204340314865,"power_avg":3.9077672590087444,"duration":17}