{"total_energy":24.05255547757149,"power_avg":0.42197465750125424,"duration":5.7}