{"total_energy":66.21581160783768,"power_avg":3.8950477416375104,"duration":17}