{"total_energy":65.92693482780456,"power_avg":3.8780549898708565,"duration":17}