{"total_energy":70.39138550376892,"power_avg":3.910632527987162,"duration":18}