{"total_energy":65.85339142370223,"power_avg":3.873728907276602,"duration":17}