{"total_energy":23.914129688930515,"power_avg":0.41954613489351783,"duration":5.7}