{"total_energy":66.27017636919022,"power_avg":3.8982456687758957,"duration":17}