{"total_energy":66.40280260467529,"power_avg":3.9060472120397227,"duration":17}