{"total_energy":65.93816194057464,"power_avg":3.878715408269097,"duration":17}