{"total_energy":65.82283194112777,"power_avg":3.871931290654575,"duration":17}