{"total_energy":66.1761557121277,"power_avg":3.8927150418898644,"duration":17}