{"total_energy":66.01790749168396,"power_avg":3.8834063230402327,"duration":17}