{"total_energy":24.27041833310127,"power_avg":0.418455488501746,"duration":5.8}