{"total_energy":70.53835708951952,"power_avg":3.918797616084418,"duration":18}