{"total_energy":24.846115512895583,"power_avg":0.42112060191348444,"duration":5.9}