{"total_energy":70.74518593597412,"power_avg":3.9302881075541176,"duration":18}